Basic,Rank Value,00-04,05-09,10-14,15-19,20-24,25-29,30-34,35-39,40-44,45-49,50-54,55-59,60-64,65-69,70-74,75-79,80-84,85-89,90-93,94-96,97-98,99
Basic,1000,Blck,Red,Red,Red,Red,Red,Red,Blue,Blue,Blue,Blue,Blue,Blue,Blue,Blue,Yel,Yel,Yel,Yel,Yel,Yel,Yel
Basic,150-999,Blck,Blck,Red,Red,Red,Red,Red,Red,Blue,Blue,Blue,Blue,Blue,Blue,Blue,Blue,Yel,Yel,Yel,Yel,Yel,Yel
Basic,100-149,Blck,Blck,Blck,Red,Red,Red,Red,Red,Red,Blue,Blue,Blue,Blue,Blue,Blue,Blue,Blue,Yel,Yel,Yel,Yel,Yel
Basic,75-99,Blck,Blck,Blck,Blck,Red,Red,Red,Red,Red,Red,Blue,Blue,Blue,Blue,Blue,Blue,Blue,Yel,Yel,Yel,Yel,Yel
Basic,50-74,Blck,Blck,Blck,Blck,Blck,Red,Red,Red,Red,Red,Red,Blue,Blue,Blue,Blue,Blue,Blue,Blue,Yel,Yel,Yel,Yel
Basic,40-49,Blck,Blck,Blck,Blck,Blck,Blck,Red,Red,Red,Red,Red,Red,Blue,Blue,Blue,Blue,Blue,Blue,Yel,Yel,Yel,Yel
Basic,30-39,Blck,Blck,Blck,Blck,Blck,Blck,Blck,Red,Red,Red,Red,Red,Red,Blue,Blue,Blue,Blue,Blue,Blue,Yel,Yel,Yel
Basic,20-29,Blck,Blck,Blck,Blck,Blck,Blck,Blck,Blck,Red,Red,Red,Red,Red,Red,Blue,Blue,Blue,Blue,Blue,Yel,Yel,Yel
Basic,10-19,Blck,Blck,Blck,Blck,Blck,Blck,Blck,Blck,Blck,Red,Red,Red,Red,Red,Red,Blue,Blue,Blue,Blue,Blue,Yel,Yel
Basic,6-9,Blck,Blck,Blck,Blck,Blck,Blck,Blck,Blck,Blck,Blck,Red,Red,Red,Red,Red,Red,Blue,Blue,Blue,Blue,Yel,Yel
Basic,3-5,Blck,Blck,Blck,Blck,Blck,Blck,Blck,Blck,Blck,Blck,Blck,Red,Red,Red,Red,Red,Red,Blue,Blue,Blue,Blue,Yel
Basic,1-2,Blck,Blck,Blck,Blck,Blck,Blck,Blck,Blck,Blck,Blck,Blck,Blck,Red,Red,Red,Red,Red,Red,Blue,Blue,Blue,Yel
Basic,0,Blck,Blck,Blck,Blck,Blck,Blck,Blck,Blck,Blck,Blck,Blck,Blck,Blck,Red,Red,Red,Red,Red,Red,Blue,Blue,Yel
Advanced,Rank Value,00,01-02,03-05,06-09,10-14,15-19,20-24,25-29,30-34,35-39,40-44,45-49,50-54,55-59,60-64,65-69,70-74,75-79,80-84,85-89,90-93,94-96,97-98,99
Advanced,5000+,Blck,Red,Red,Red,Red,Red,Blue,Blue,Blue,Blue,Blue,Blue,Blue,Blue,Yel,Yel,Yel,Yel,Yel,Yel,Yel,Yel,Yel,Yel
Advanced,2500-4999,Blck,Red,Red,Red,Red,Red,Red,Blue,Blue,Blue,Blue,Blue,Blue,Blue,Blue,Yel,Yel,Yel,Yel,Yel,Yel,Yel,Yel,Yel
Advanced,1500-2499,Blck,Red,Red,Red,Red,Red,Red,Red,Blue,Blue,Blue,Blue,Blue,Blue,Blue,Blue,Yel,Yel,Yel,Yel,Yel,Yel,Yel,Yel
Advanced,1000-1499,Blck,Red,Red,Red,Red,Red,Red,Red,Red,Blue,Blue,Blue,Blue,Blue,Blue,Blue,Blue,Yel,Yel,Yel,Yel,Yel,Yel,Yel
Advanced,500-999,Blck,Blck,Red,Red,Red,Red,Red,Red,Red,Blue,Blue,Blue,Blue,Blue,Blue,Blue,Blue,Yel,Yel,Yel,Yel,Yel,Yel,Yel
Advanced,250-499,Blck,Blck,Blck,Red,Red,Red,Red,Red,Red,Red,Blue,Blue,Blue,Blue,Blue,Blue,Blue,Blue,Yel,Yel,Yel,Yel,Yel,Yel
Advanced,150-249,Blck,Blck,Blck,Blck,Red,Red,Red,Red,Red,Red,Blue,Blue,Blue,Blue,Blue,Blue,Blue,Blue,Yel,Yel,Yel,Yel,Yel,Yel
Advanced,100-149,Blck,Blck,Blck,Blck,Blck,Red,Red,Red,Red,Red,Red,Blue,Blue,Blue,Blue,Blue,Blue,Blue,Blue,Yel,Yel,Yel,Yel,Yel
Advanced,75-99,Blck,Blck,Blck,Blck,Blck,Blck,Red,Red,Red,Red,Red,Red,Blue,Blue,Blue,Blue,Blue,Blue,Blue,Yel,Yel,Yel,Yel,Yel
Advanced,50-74,Blck,Blck,Blck,Blck,Blck,Blck,Blck,Red,Red,Red,Red,Red,Red,Blue,Blue,Blue,Blue,Blue,Blue,Blue,Yel,Yel,Yel,Yel
Advanced,40-49,Blck,Blck,Blck,Blck,Blck,Blck,Blck,Blck,Red,Red,Red,Red,Red,Red,Blue,Blue,Blue,Blue,Blue,Blue,Yel,Yel,Yel,Yel
Advanced,30-39,Blck,Blck,Blck,Blck,Blck,Blck,Blck,Blck,Blck,Red,Red,Red,Red,Red,Red,Blue,Blue,Blue,Blue,Blue,Blue,Yel,Yel,Yel
Advanced,20-29,Blck,Blck,Blck,Blck,Blck,Blck,Blck,Blck,Blck,Blck,Red,Red,Red,Red,Red,Red,Blue,Blue,Blue,Blue,Blue,Yel,Yel,Yel
Advanced,10-19,Blck,Blck,Blck,Blck,Blck,Blck,Blck,Blck,Blck,Blck,Blck,Red,Red,Red,Red,Red,Red,Blue,Blue,Blue,Blue,Blue,Yel,Yel
Advanced,6-9,Blck,Blck,Blck,Blck,Blck,Blck,Blck,Blck,Blck,Blck,Blck,Blck,Red,Red,Red,Red,Red,Red,Blue,Blue,Blue,Blue,Yel,Yel
Advanced,3-5,Blck,Blck,Blck,Blck,Blck,Blck,Blck,Blck,Blck,Blck,Blck,Blck,Blck,Red,Red,Red,Red,Red,Red,Blue,Blue,Blue,Blue,Yel
Advanced,1-2,Blck,Blck,Blck,Blck,Blck,Blck,Blck,Blck,Blck,Blck,Blck,Blck,Blck,Blck,Red,Red,Red,Red,Red,Red,Blue,Blue,Blue,Yel
Advanced,0,Blck,Blck,Blck,Blck,Blck,Blck,Blck,Blck,Blck,Blck,Blck,Blck,Blck,Blck,Blck,Red,Red,Red,Red,Red,Red,Blue,Blue,Yel
